duration,score
107.10202083333333,140
25.352895833333335,1459
142.29004166666667,1286
